{"tags":[{"name":"Vscode","id":"4","icon":null}],"documents":[{"title":"Better Fountain","categories":[{"slug":"software"}],"category":{"slug":"software"},"date":"2018-09-28","id":"4","slug":"betterfountain","backgroundcolor":"#000000","foregroundcolor":"#f2ae8f","foregroundcolor2":"#E2C7C5","tags":[{"name":"Vscode","id":"4","icon":null}],"images":[{"formats":{"thumbnail":{"name":"thumbnail_betterfountain.JPG","hash":"thumbnail_betterfountain_132a8e394c","ext":".JPG","mime":"image/jpeg","width":245,"height":118,"size":6.65,"path":null,"url":"/uploads/thumbnail_betterfountain_132a8e394c.JPG"},"large":{"name":"large_betterfountain.JPG","hash":"large_betterfountain_132a8e394c","ext":".JPG","mime":"image/jpeg","width":1000,"height":480,"size":91.94,"path":null,"url":"/uploads/large_betterfountain_132a8e394c.JPG"},"medium":{"name":"medium_betterfountain.JPG","hash":"medium_betterfountain_132a8e394c","ext":".JPG","mime":"image/jpeg","width":750,"height":360,"size":50.3,"path":null,"url":"/uploads/medium_betterfountain_132a8e394c.JPG"},"small":{"name":"small_betterfountain.JPG","hash":"small_betterfountain_132a8e394c","ext":".JPG","mime":"image/jpeg","width":500,"height":240,"size":24.29,"path":null,"url":"/uploads/small_betterfountain_132a8e394c.JPG"}}},{"formats":{"thumbnail":{"name":"thumbnail_betterfountain2.JPG","hash":"thumbnail_betterfountain2_e7851ea4d4","ext":".JPG","mime":"image/jpeg","width":245,"height":118,"size":4.42,"path":null,"url":"/uploads/thumbnail_betterfountain2_e7851ea4d4.JPG"},"large":{"name":"large_betterfountain2.JPG","hash":"large_betterfountain2_e7851ea4d4","ext":".JPG","mime":"image/jpeg","width":1000,"height":480,"size":55.78,"path":null,"url":"/uploads/large_betterfountain2_e7851ea4d4.JPG"},"medium":{"name":"medium_betterfountain2.JPG","hash":"medium_betterfountain2_e7851ea4d4","ext":".JPG","mime":"image/jpeg","width":750,"height":360,"size":31.41,"path":null,"url":"/uploads/medium_betterfountain2_e7851ea4d4.JPG"},"small":{"name":"small_betterfountain2.JPG","hash":"small_betterfountain2_e7851ea4d4","ext":".JPG","mime":"image/jpeg","width":500,"height":240,"size":15.01,"path":null,"url":"/uploads/small_betterfountain2_e7851ea4d4.JPG"}}}]},{"title":"aufilmaking.co.uk","categories":[{"slug":"software"}],"category":{"slug":"software"},"date":null,"id":"5","slug":"aufilmmaking","backgroundcolor":"#121814","foregroundcolor":"#d8bb94","foregroundcolor2":null,"tags":[],"images":[{"formats":{"thumbnail":{"name":"thumbnail_newwebsite.jpg","hash":"thumbnail_newwebsite_7f2568ec89","ext":".jpg","mime":"image/jpeg","width":245,"height":103,"size":3.28,"path":null,"url":"/uploads/thumbnail_newwebsite_7f2568ec89.jpg"},"large":{"name":"large_newwebsite.jpg","hash":"large_newwebsite_7f2568ec89","ext":".jpg","mime":"image/jpeg","width":1000,"height":419,"size":27.31,"path":null,"url":"/uploads/large_newwebsite_7f2568ec89.jpg"},"medium":{"name":"medium_newwebsite.jpg","hash":"medium_newwebsite_7f2568ec89","ext":".jpg","mime":"image/jpeg","width":750,"height":314,"size":17.85,"path":null,"url":"/uploads/medium_newwebsite_7f2568ec89.jpg"},"small":{"name":"small_newwebsite.jpg","hash":"small_newwebsite_7f2568ec89","ext":".jpg","mime":"image/jpeg","width":500,"height":209,"size":9.65,"path":null,"url":"/uploads/small_newwebsite_7f2568ec89.jpg"}}}]}]}