{"documents":[{"title":"Nighthawk","description":"Hi there, this is a document with a poster! It was a very tough one to do","contentblocks":[{"tag":{"name":"Color Grading","icon":"<svg xmlns=\"http://www.w3.org/2000/svg\" viewBox=\"0 0 14 12.5\"><path d=\"M8,3c3.4206,0,6,1.72,6,4,0,.6364-.347.8807-1.4613,1.338-.86.3531-2.0387.8367-2.0387,2.162a2.9381,2.9381,0,0,1-3,3A5.103,5.103,0,0,1,2,8C2,4.31,5.2322,3,8,3M8,2C4.134,2,1,4.134,1,8a6.1067,6.1067,0,0,0,6.5,6.5,3.9437,3.9437,0,0,0,4-4C11.5,9,15,9.5,15,7c0-3-3.134-5-7-5Z\" transform=\"translate(-1 -2)\"/><circle class=\"a\" cx=\"6.5\" cy=\"8.5\" r=\"1.25\"/><path d=\"M7.5,9.5a1,1,0,1,1-1,1,1.0011,1.0011,0,0,1,1-1m0-.5A1.5,1.5,0,1,0,9,10.5,1.5,1.5,0,0,0,7.5,9Z\" transform=\"translate(-1 -2)\"/><circle class=\"a\" cx=\"3.5\" cy=\"4.5\" r=\"0.5\"/><path d=\"M4.5,5.5a1,1,0,1,0,1,1,1,1,0,0,0-1-1Z\" transform=\"translate(-1 -2)\"/><circle class=\"a\" cx=\"7\" cy=\"3\" r=\"0.5\"/><path d=\"M8,4A1,1,0,1,0,9,5,1,1,0,0,0,8,4Z\" transform=\"translate(-1 -2)\"/><circle class=\"a\" cx=\"10.5\" cy=\"4.5\" r=\"0.5\"/><path d=\"M11.5,5.5a1,1,0,1,0,1,1,1,1,0,0,0-1-1Z\" transform=\"translate(-1 -2)\"/><circle class=\"a\" cx=\"3\" cy=\"7.5\" r=\"0.5\"/><path d=\"M4,8.5a1,1,0,1,0,1,1,1,1,0,0,0-1-1Z\" transform=\"translate(-1 -2)\"/></svg>"},"title":null,"videoembed":null,"videoembedaspect":null,"beforeafters":[{"before":{"formats":{"thumbnail":{"name":"thumbnail_scene3_4.2.1.jpg","hash":"thumbnail_scene3_4_2_1_8a73dfa853","ext":".jpg","mime":"image/jpeg","width":245,"height":103,"size":3.76,"path":null,"url":"/uploads/thumbnail_scene3_4_2_1_8a73dfa853.jpg"},"large":{"name":"large_scene3_4.2.1.jpg","hash":"large_scene3_4_2_1_8a73dfa853","ext":".jpg","mime":"image/jpeg","width":1000,"height":419,"size":31.97,"path":null,"url":"/uploads/large_scene3_4_2_1_8a73dfa853.jpg"},"medium":{"name":"medium_scene3_4.2.1.jpg","hash":"medium_scene3_4_2_1_8a73dfa853","ext":".jpg","mime":"image/jpeg","width":750,"height":314,"size":19.75,"path":null,"url":"/uploads/medium_scene3_4_2_1_8a73dfa853.jpg"},"small":{"name":"small_scene3_4.2.1.jpg","hash":"small_scene3_4_2_1_8a73dfa853","ext":".jpg","mime":"image/jpeg","width":500,"height":209,"size":10.52,"path":null,"url":"/uploads/small_scene3_4_2_1_8a73dfa853.jpg"}}},"after":{"formats":{"thumbnail":{"name":"thumbnail_scene3_2_4.2.2.jpg","hash":"thumbnail_scene3_2_4_2_2_4506b6c12b","ext":".jpg","mime":"image/jpeg","width":245,"height":103,"size":3.34,"path":null,"url":"/uploads/thumbnail_scene3_2_4_2_2_4506b6c12b.jpg"},"large":{"name":"large_scene3_2_4.2.2.jpg","hash":"large_scene3_2_4_2_2_4506b6c12b","ext":".jpg","mime":"image/jpeg","width":1000,"height":419,"size":26.87,"path":null,"url":"/uploads/large_scene3_2_4_2_2_4506b6c12b.jpg"},"medium":{"name":"medium_scene3_2_4.2.2.jpg","hash":"medium_scene3_2_4_2_2_4506b6c12b","ext":".jpg","mime":"image/jpeg","width":750,"height":314,"size":16.88,"path":null,"url":"/uploads/medium_scene3_2_4_2_2_4506b6c12b.jpg"},"small":{"name":"small_scene3_2_4.2.2.jpg","hash":"small_scene3_2_4_2_2_4506b6c12b","ext":".jpg","mime":"image/jpeg","width":500,"height":209,"size":9.13,"path":null,"url":"/uploads/small_scene3_2_4_2_2_4506b6c12b.jpg"}}},"offset":0.46},{"before":{"formats":{"thumbnail":{"name":"thumbnail_scene5_2_1.20.5.jpg","hash":"thumbnail_scene5_2_1_20_5_548bd857a0","ext":".jpg","mime":"image/jpeg","width":245,"height":103,"size":5.43,"path":null,"url":"/uploads/thumbnail_scene5_2_1_20_5_548bd857a0.jpg"},"large":{"name":"large_scene5_2_1.20.5.jpg","hash":"large_scene5_2_1_20_5_548bd857a0","ext":".jpg","mime":"image/jpeg","width":1000,"height":419,"size":50.66,"path":null,"url":"/uploads/large_scene5_2_1_20_5_548bd857a0.jpg"},"medium":{"name":"medium_scene5_2_1.20.5.jpg","hash":"medium_scene5_2_1_20_5_548bd857a0","ext":".jpg","mime":"image/jpeg","width":750,"height":314,"size":32.09,"path":null,"url":"/uploads/medium_scene5_2_1_20_5_548bd857a0.jpg"},"small":{"name":"small_scene5_2_1.20.5.jpg","hash":"small_scene5_2_1_20_5_548bd857a0","ext":".jpg","mime":"image/jpeg","width":500,"height":209,"size":16.34,"path":null,"url":"/uploads/small_scene5_2_1_20_5_548bd857a0.jpg"}}},"after":{"formats":{"thumbnail":{"name":"thumbnail_scene5_1_1.20.4.jpg","hash":"thumbnail_scene5_1_1_20_4_418b419537","ext":".jpg","mime":"image/jpeg","width":245,"height":103,"size":4.71,"path":null,"url":"/uploads/thumbnail_scene5_1_1_20_4_418b419537.jpg"},"large":{"name":"large_scene5_1_1.20.4.jpg","hash":"large_scene5_1_1_20_4_418b419537","ext":".jpg","mime":"image/jpeg","width":1000,"height":419,"size":42.92,"path":null,"url":"/uploads/large_scene5_1_1_20_4_418b419537.jpg"},"medium":{"name":"medium_scene5_1_1.20.4.jpg","hash":"medium_scene5_1_1_20_4_418b419537","ext":".jpg","mime":"image/jpeg","width":750,"height":314,"size":27.48,"path":null,"url":"/uploads/medium_scene5_1_1_20_4_418b419537.jpg"},"small":{"name":"small_scene5_1_1.20.4.jpg","hash":"small_scene5_1_1_20_4_418b419537","ext":".jpg","mime":"image/jpeg","width":500,"height":209,"size":14.07,"path":null,"url":"/uploads/small_scene5_1_1_20_4_418b419537.jpg"}}},"offset":0.2}],"description":"The color grading process on \"Nighthawk\" was fairly difficult, as we weren't able to have much control over the lighting when shooting (as a no-budget short). A lot of \"shaping the image\" therefore had to take place in post."}],"moreinfo":[{"link":null,"outlink":null,"header":"Directed by","subheader":"Daniel Mohr"},{"link":"https://github.com/strapi/strapi/","outlink":{"svg":"<?xml version=\"1.0\" encoding=\"UTF-8\"?> <svg xmlns=\"http://www.w3.org/2000/svg\" xmlns:xlink=\"http://www.w3.org/1999/xlink\" width=\"20px\" viewBox=\"4 0 18 24\" version=\"1.1\"> <g id=\"surface9423585\"> <path style=\" stroke:none;fill-rule:nonzero;fill:currentColor;fill-opacity:1;\" d=\"M 10.898438 2.101562 C 6.300781 2.601562 2.601562 6.300781 2.101562 10.800781 C 1.5 15.800781 4.601562 20.101562 9 21.5 L 9 19.199219 C 9 19.199219 8.601562 19.300781 8.101562 19.300781 C 6.699219 19.300781 6.101562 18.101562 6 17.398438 C 5.898438 17 5.699219 16.699219 5.398438 16.398438 C 5.101562 16.300781 5 16.300781 5 16.199219 C 5 16 5.300781 16 5.398438 16 C 6 16 6.5 16.699219 6.699219 17 C 7.199219 17.800781 7.800781 18 8.101562 18 C 8.5 18 8.800781 17.898438 9 17.800781 C 9.101562 17.101562 9.398438 16.398438 10 16 C 7.699219 15.5 6 14.199219 6 12 C 6 10.898438 6.5 9.800781 7.199219 9 C 7.101562 8.800781 7 8.300781 7 7.601562 C 7 7.199219 7 6.601562 7.300781 6 C 7.300781 6 8.699219 6 10.101562 7.300781 C 10.601562 7.101562 11.300781 7 12 7 C 12.699219 7 13.398438 7.101562 14 7.300781 C 15.300781 6 16.800781 6 16.800781 6 C 17 6.601562 17 7.199219 17 7.601562 C 17 8.398438 16.898438 8.800781 16.800781 9 C 17.5 9.800781 18 10.800781 18 12 C 18 14.199219 16.300781 15.5 14 16 C 14.601562 16.5 15 17.398438 15 18.300781 L 15 21.601562 C 19.101562 20.300781 22 16.5 22 12.101562 C 22 6.101562 16.898438 1.398438 10.898438 2.101562 Z M 10.898438 2.101562 \"/> </g> </svg>","tooltip":"View source code","name":"Github"},"header":null,"subheader":null}],"date":"2020-09-24","id":"3","slug":"nighthawk","backgroundcolor":"#0e1a18","foregroundcolor":"#934932","foregroundcolor2":"#b9b09f","images":[{"formats":{"thumbnail":{"name":"thumbnail_leslie.jpg","hash":"thumbnail_leslie_c7926c6729","ext":".jpg","mime":"image/jpeg","width":245,"height":103,"size":3.37,"path":null,"url":"/uploads/thumbnail_leslie_c7926c6729.jpg"},"large":{"name":"large_leslie.jpg","hash":"large_leslie_c7926c6729","ext":".jpg","mime":"image/jpeg","width":1000,"height":419,"size":26.83,"path":null,"url":"/uploads/large_leslie_c7926c6729.jpg"},"medium":{"name":"medium_leslie.jpg","hash":"medium_leslie_c7926c6729","ext":".jpg","mime":"image/jpeg","width":750,"height":314,"size":17.31,"path":null,"url":"/uploads/medium_leslie_c7926c6729.jpg"},"small":{"name":"small_leslie.jpg","hash":"small_leslie_c7926c6729","ext":".jpg","mime":"image/jpeg","width":500,"height":209,"size":9.45,"path":null,"url":"/uploads/small_leslie_c7926c6729.jpg"}},"url":"/uploads/leslie_c7926c6729.jpg"},{"formats":{"thumbnail":{"name":"thumbnail_scene5_1_1.20.4.jpg","hash":"thumbnail_scene5_1_1_20_4_418b419537","ext":".jpg","mime":"image/jpeg","width":245,"height":103,"size":4.71,"path":null,"url":"/uploads/thumbnail_scene5_1_1_20_4_418b419537.jpg"},"large":{"name":"large_scene5_1_1.20.4.jpg","hash":"large_scene5_1_1_20_4_418b419537","ext":".jpg","mime":"image/jpeg","width":1000,"height":419,"size":42.92,"path":null,"url":"/uploads/large_scene5_1_1_20_4_418b419537.jpg"},"medium":{"name":"medium_scene5_1_1.20.4.jpg","hash":"medium_scene5_1_1_20_4_418b419537","ext":".jpg","mime":"image/jpeg","width":750,"height":314,"size":27.48,"path":null,"url":"/uploads/medium_scene5_1_1_20_4_418b419537.jpg"},"small":{"name":"small_scene5_1_1.20.4.jpg","hash":"small_scene5_1_1_20_4_418b419537","ext":".jpg","mime":"image/jpeg","width":500,"height":209,"size":14.07,"path":null,"url":"/uploads/small_scene5_1_1_20_4_418b419537.jpg"}},"url":"/uploads/scene5_1_1_20_4_418b419537.jpg"},{"formats":{"thumbnail":{"name":"thumbnail_scene3_2_4.2.2.jpg","hash":"thumbnail_scene3_2_4_2_2_4506b6c12b","ext":".jpg","mime":"image/jpeg","width":245,"height":103,"size":3.34,"path":null,"url":"/uploads/thumbnail_scene3_2_4_2_2_4506b6c12b.jpg"},"large":{"name":"large_scene3_2_4.2.2.jpg","hash":"large_scene3_2_4_2_2_4506b6c12b","ext":".jpg","mime":"image/jpeg","width":1000,"height":419,"size":26.87,"path":null,"url":"/uploads/large_scene3_2_4_2_2_4506b6c12b.jpg"},"medium":{"name":"medium_scene3_2_4.2.2.jpg","hash":"medium_scene3_2_4_2_2_4506b6c12b","ext":".jpg","mime":"image/jpeg","width":750,"height":314,"size":16.88,"path":null,"url":"/uploads/medium_scene3_2_4_2_2_4506b6c12b.jpg"},"small":{"name":"small_scene3_2_4.2.2.jpg","hash":"small_scene3_2_4_2_2_4506b6c12b","ext":".jpg","mime":"image/jpeg","width":500,"height":209,"size":9.13,"path":null,"url":"/uploads/small_scene3_2_4_2_2_4506b6c12b.jpg"}},"url":"/uploads/scene3_2_4_2_2_4506b6c12b.jpg"},{"formats":{"thumbnail":{"name":"thumbnail_coolstill_1.37.1.jpg","hash":"thumbnail_coolstill_1_37_1_09dbe2daef","ext":".jpg","mime":"image/jpeg","width":245,"height":103,"size":3.58,"path":null,"url":"/uploads/thumbnail_coolstill_1_37_1_09dbe2daef.jpg"},"large":{"name":"large_coolstill_1.37.1.jpg","hash":"large_coolstill_1_37_1_09dbe2daef","ext":".jpg","mime":"image/jpeg","width":1000,"height":419,"size":27.01,"path":null,"url":"/uploads/large_coolstill_1_37_1_09dbe2daef.jpg"},"medium":{"name":"medium_coolstill_1.37.1.jpg","hash":"medium_coolstill_1_37_1_09dbe2daef","ext":".jpg","mime":"image/jpeg","width":750,"height":314,"size":17.54,"path":null,"url":"/uploads/medium_coolstill_1_37_1_09dbe2daef.jpg"},"small":{"name":"small_coolstill_1.37.1.jpg","hash":"small_coolstill_1_37_1_09dbe2daef","ext":".jpg","mime":"image/jpeg","width":500,"height":209,"size":9.67,"path":null,"url":"/uploads/small_coolstill_1_37_1_09dbe2daef.jpg"}},"url":"/uploads/coolstill_1_37_1_09dbe2daef.jpg"}],"poster":{"formats":{"thumbnail":{"name":"thumbnail_poster_small12.jpg","hash":"thumbnail_poster_small12_ce78758224","ext":".jpg","mime":"image/jpeg","width":106,"height":156,"size":4.7,"path":null,"url":"/uploads/thumbnail_poster_small12_ce78758224.jpg"},"large":{"name":"large_poster_small12.jpg","hash":"large_poster_small12_ce78758224","ext":".jpg","mime":"image/jpeg","width":679,"height":1000,"size":94.99,"path":null,"url":"/uploads/large_poster_small12_ce78758224.jpg"},"medium":{"name":"medium_poster_small12.jpg","hash":"medium_poster_small12_ce78758224","ext":".jpg","mime":"image/jpeg","width":509,"height":750,"size":57.35,"path":null,"url":"/uploads/medium_poster_small12_ce78758224.jpg"},"small":{"name":"small_poster_small12.jpg","hash":"small_poster_small12_ce78758224","ext":".jpg","mime":"image/jpeg","width":339,"height":500,"size":29.74,"path":null,"url":"/uploads/small_poster_small12_ce78758224.jpg"}}},"tags":[{"id":"1","name":"Color Grading","icon":"<svg xmlns=\"http://www.w3.org/2000/svg\" viewBox=\"0 0 14 12.5\"><path d=\"M8,3c3.4206,0,6,1.72,6,4,0,.6364-.347.8807-1.4613,1.338-.86.3531-2.0387.8367-2.0387,2.162a2.9381,2.9381,0,0,1-3,3A5.103,5.103,0,0,1,2,8C2,4.31,5.2322,3,8,3M8,2C4.134,2,1,4.134,1,8a6.1067,6.1067,0,0,0,6.5,6.5,3.9437,3.9437,0,0,0,4-4C11.5,9,15,9.5,15,7c0-3-3.134-5-7-5Z\" transform=\"translate(-1 -2)\"/><circle class=\"a\" cx=\"6.5\" cy=\"8.5\" r=\"1.25\"/><path d=\"M7.5,9.5a1,1,0,1,1-1,1,1.0011,1.0011,0,0,1,1-1m0-.5A1.5,1.5,0,1,0,9,10.5,1.5,1.5,0,0,0,7.5,9Z\" transform=\"translate(-1 -2)\"/><circle class=\"a\" cx=\"3.5\" cy=\"4.5\" r=\"0.5\"/><path d=\"M4.5,5.5a1,1,0,1,0,1,1,1,1,0,0,0-1-1Z\" transform=\"translate(-1 -2)\"/><circle class=\"a\" cx=\"7\" cy=\"3\" r=\"0.5\"/><path d=\"M8,4A1,1,0,1,0,9,5,1,1,0,0,0,8,4Z\" transform=\"translate(-1 -2)\"/><circle class=\"a\" cx=\"10.5\" cy=\"4.5\" r=\"0.5\"/><path d=\"M11.5,5.5a1,1,0,1,0,1,1,1,1,0,0,0-1-1Z\" transform=\"translate(-1 -2)\"/><circle class=\"a\" cx=\"3\" cy=\"7.5\" r=\"0.5\"/><path d=\"M4,8.5a1,1,0,1,0,1,1,1,1,0,0,0-1-1Z\" transform=\"translate(-1 -2)\"/></svg>"},{"id":"2","name":"Editing","icon":"<svg xmlns=\"http://www.w3.org/2000/svg\" viewBox=\"0 0 14.5 13.0334\"><path d=\"M3.5,6A1.5033,1.5033,0,0,1,4.97,7.199L5.1322,8h7.6645L11.63,9H3.5a1.5,1.5,0,0,1,0-3m0-1a2.5,2.5,0,0,0,0,5H12l3.5-3H5.95A2.5,2.5,0,0,0,3.5,5Z\" transform=\"translate(-1 -1.4742)\"/><path d=\"M3.5,7a.5.5,0,1,0,.5.5A.5.5,0,0,0,3.5,7Z\" transform=\"translate(-1 -1.4742)\"/><path d=\"M6.3932,11.5069a.5.5,0,1,0,.2214.052.5.5,0,0,0-.2214-.052Z\" transform=\"translate(-1 -1.4742)\"/><path d=\"M10.0689,3.4533,8.3133,7H7.1975L8.6551,4.0553l1.4138-.602m2.0954-1.9791L7.923,3.28,5.5867,8H8.9341l3.23-6.5258Z\" transform=\"translate(-1 -1.4742)\"/><path d=\"M6.8284,10l-.16.3224.6457.5011a1.5005,1.5005,0,0,1-.9235,2.6841,1.4836,1.4836,0,0,1-.6636-.1563,1.5017,1.5017,0,0,1-.6789-2.01L5.7126,10H6.8284M8.4391,9H5.0917l-.9394,1.898a2.5,2.5,0,1,0,3.7753-.8646L8.4391,9Z\" transform=\"translate(-1 -1.4742)\"/></svg>"},{"id":"3","name":"Cinematography","icon":"<svg xmlns=\"http://www.w3.org/2000/svg\" viewBox=\"0 0 11.5 13.5\"><defs><style>.a{stroke-miterlimit:10;}</style></defs><title>cinematography</title><path class=\"a\" d=\"M3,11\" transform=\"translate(-2 -1.5)\"/><path d=\"M8,6v4.5H3V6H8M9,5H2v6.5H9V5Z\" transform=\"translate(-2 -1.5)\"/><path d=\"M10,5.4142v5.6716l-1-1V6.4142l1-1M11,3,8,6v4.5l3,3V3Z\" transform=\"translate(-2 -1.5)\"/><path d=\"M11,5.7232l1.5.8571v3.76l-1.5.6429v-5.26M10,4v8.5L13.5,11V6L10,4Z\" transform=\"translate(-2 -1.5)\"/><polygon points=\"10.5 0 9 1.5 9 2.914 11 0.914 10.5 0\"/><polygon points=\"11 12.586 9 10.586 9 12 10.5 13.5 11 12.586\"/><rect x=\"3\" y=\"7\" width=\"1\" height=\"6\"/><path d=\"M5.5,9.5A1.5,1.5,0,1,1,7,8,1.5017,1.5017,0,0,1,5.5,9.5Zm0-2A.5.5,0,1,0,6,8,.5.5,0,0,0,5.5,7.5Z\" transform=\"translate(-2 -1.5)\"/></svg>"}]}]}