{"tags":[{"name":"Color Grading","id":"1","icon":"<svg xmlns=\"http://www.w3.org/2000/svg\" viewBox=\"0 0 14 12.5\"><path d=\"M8,3c3.4206,0,6,1.72,6,4,0,.6364-.347.8807-1.4613,1.338-.86.3531-2.0387.8367-2.0387,2.162a2.9381,2.9381,0,0,1-3,3A5.103,5.103,0,0,1,2,8C2,4.31,5.2322,3,8,3M8,2C4.134,2,1,4.134,1,8a6.1067,6.1067,0,0,0,6.5,6.5,3.9437,3.9437,0,0,0,4-4C11.5,9,15,9.5,15,7c0-3-3.134-5-7-5Z\" transform=\"translate(-1 -2)\"/><circle class=\"a\" cx=\"6.5\" cy=\"8.5\" r=\"1.25\"/><path d=\"M7.5,9.5a1,1,0,1,1-1,1,1.0011,1.0011,0,0,1,1-1m0-.5A1.5,1.5,0,1,0,9,10.5,1.5,1.5,0,0,0,7.5,9Z\" transform=\"translate(-1 -2)\"/><circle class=\"a\" cx=\"3.5\" cy=\"4.5\" r=\"0.5\"/><path d=\"M4.5,5.5a1,1,0,1,0,1,1,1,1,0,0,0-1-1Z\" transform=\"translate(-1 -2)\"/><circle class=\"a\" cx=\"7\" cy=\"3\" r=\"0.5\"/><path d=\"M8,4A1,1,0,1,0,9,5,1,1,0,0,0,8,4Z\" transform=\"translate(-1 -2)\"/><circle class=\"a\" cx=\"10.5\" cy=\"4.5\" r=\"0.5\"/><path d=\"M11.5,5.5a1,1,0,1,0,1,1,1,1,0,0,0-1-1Z\" transform=\"translate(-1 -2)\"/><circle class=\"a\" cx=\"3\" cy=\"7.5\" r=\"0.5\"/><path d=\"M4,8.5a1,1,0,1,0,1,1,1,1,0,0,0-1-1Z\" transform=\"translate(-1 -2)\"/></svg>"},{"name":"Editing","id":"2","icon":"<svg xmlns=\"http://www.w3.org/2000/svg\" viewBox=\"0 0 14.5 13.0334\"><path d=\"M3.5,6A1.5033,1.5033,0,0,1,4.97,7.199L5.1322,8h7.6645L11.63,9H3.5a1.5,1.5,0,0,1,0-3m0-1a2.5,2.5,0,0,0,0,5H12l3.5-3H5.95A2.5,2.5,0,0,0,3.5,5Z\" transform=\"translate(-1 -1.4742)\"/><path d=\"M3.5,7a.5.5,0,1,0,.5.5A.5.5,0,0,0,3.5,7Z\" transform=\"translate(-1 -1.4742)\"/><path d=\"M6.3932,11.5069a.5.5,0,1,0,.2214.052.5.5,0,0,0-.2214-.052Z\" transform=\"translate(-1 -1.4742)\"/><path d=\"M10.0689,3.4533,8.3133,7H7.1975L8.6551,4.0553l1.4138-.602m2.0954-1.9791L7.923,3.28,5.5867,8H8.9341l3.23-6.5258Z\" transform=\"translate(-1 -1.4742)\"/><path d=\"M6.8284,10l-.16.3224.6457.5011a1.5005,1.5005,0,0,1-.9235,2.6841,1.4836,1.4836,0,0,1-.6636-.1563,1.5017,1.5017,0,0,1-.6789-2.01L5.7126,10H6.8284M8.4391,9H5.0917l-.9394,1.898a2.5,2.5,0,1,0,3.7753-.8646L8.4391,9Z\" transform=\"translate(-1 -1.4742)\"/></svg>"},{"name":"Cinematography","id":"3","icon":"<svg xmlns=\"http://www.w3.org/2000/svg\" viewBox=\"0 0 11.5 13.5\"><defs><style>.a{stroke-miterlimit:10;}</style></defs><title>cinematography</title><path class=\"a\" d=\"M3,11\" transform=\"translate(-2 -1.5)\"/><path d=\"M8,6v4.5H3V6H8M9,5H2v6.5H9V5Z\" transform=\"translate(-2 -1.5)\"/><path d=\"M10,5.4142v5.6716l-1-1V6.4142l1-1M11,3,8,6v4.5l3,3V3Z\" transform=\"translate(-2 -1.5)\"/><path d=\"M11,5.7232l1.5.8571v3.76l-1.5.6429v-5.26M10,4v8.5L13.5,11V6L10,4Z\" transform=\"translate(-2 -1.5)\"/><polygon points=\"10.5 0 9 1.5 9 2.914 11 0.914 10.5 0\"/><polygon points=\"11 12.586 9 10.586 9 12 10.5 13.5 11 12.586\"/><rect x=\"3\" y=\"7\" width=\"1\" height=\"6\"/><path d=\"M5.5,9.5A1.5,1.5,0,1,1,7,8,1.5017,1.5017,0,0,1,5.5,9.5Zm0-2A.5.5,0,1,0,6,8,.5.5,0,0,0,5.5,7.5Z\" transform=\"translate(-2 -1.5)\"/></svg>"},{"name":"Vscode","id":"4","icon":null}],"documents":[{"title":"2035","categories":[{"slug":"design"},{"slug":"film"}],"category":{"slug":"film"},"date":"2020-08-13","id":"1","slug":"2035","backgroundcolor":"#121814","foregroundcolor":"#cabca3","foregroundcolor2":"#969080","tags":[{"name":"Color Grading","id":"1","icon":"<svg xmlns=\"http://www.w3.org/2000/svg\" viewBox=\"0 0 14 12.5\"><path d=\"M8,3c3.4206,0,6,1.72,6,4,0,.6364-.347.8807-1.4613,1.338-.86.3531-2.0387.8367-2.0387,2.162a2.9381,2.9381,0,0,1-3,3A5.103,5.103,0,0,1,2,8C2,4.31,5.2322,3,8,3M8,2C4.134,2,1,4.134,1,8a6.1067,6.1067,0,0,0,6.5,6.5,3.9437,3.9437,0,0,0,4-4C11.5,9,15,9.5,15,7c0-3-3.134-5-7-5Z\" transform=\"translate(-1 -2)\"/><circle class=\"a\" cx=\"6.5\" cy=\"8.5\" r=\"1.25\"/><path d=\"M7.5,9.5a1,1,0,1,1-1,1,1.0011,1.0011,0,0,1,1-1m0-.5A1.5,1.5,0,1,0,9,10.5,1.5,1.5,0,0,0,7.5,9Z\" transform=\"translate(-1 -2)\"/><circle class=\"a\" cx=\"3.5\" cy=\"4.5\" r=\"0.5\"/><path d=\"M4.5,5.5a1,1,0,1,0,1,1,1,1,0,0,0-1-1Z\" transform=\"translate(-1 -2)\"/><circle class=\"a\" cx=\"7\" cy=\"3\" r=\"0.5\"/><path d=\"M8,4A1,1,0,1,0,9,5,1,1,0,0,0,8,4Z\" transform=\"translate(-1 -2)\"/><circle class=\"a\" cx=\"10.5\" cy=\"4.5\" r=\"0.5\"/><path d=\"M11.5,5.5a1,1,0,1,0,1,1,1,1,0,0,0-1-1Z\" transform=\"translate(-1 -2)\"/><circle class=\"a\" cx=\"3\" cy=\"7.5\" r=\"0.5\"/><path d=\"M4,8.5a1,1,0,1,0,1,1,1,1,0,0,0-1-1Z\" transform=\"translate(-1 -2)\"/></svg>"},{"name":"Cinematography","id":"3","icon":"<svg xmlns=\"http://www.w3.org/2000/svg\" viewBox=\"0 0 11.5 13.5\"><defs><style>.a{stroke-miterlimit:10;}</style></defs><title>cinematography</title><path class=\"a\" d=\"M3,11\" transform=\"translate(-2 -1.5)\"/><path d=\"M8,6v4.5H3V6H8M9,5H2v6.5H9V5Z\" transform=\"translate(-2 -1.5)\"/><path d=\"M10,5.4142v5.6716l-1-1V6.4142l1-1M11,3,8,6v4.5l3,3V3Z\" transform=\"translate(-2 -1.5)\"/><path d=\"M11,5.7232l1.5.8571v3.76l-1.5.6429v-5.26M10,4v8.5L13.5,11V6L10,4Z\" transform=\"translate(-2 -1.5)\"/><polygon points=\"10.5 0 9 1.5 9 2.914 11 0.914 10.5 0\"/><polygon points=\"11 12.586 9 10.586 9 12 10.5 13.5 11 12.586\"/><rect x=\"3\" y=\"7\" width=\"1\" height=\"6\"/><path d=\"M5.5,9.5A1.5,1.5,0,1,1,7,8,1.5017,1.5017,0,0,1,5.5,9.5Zm0-2A.5.5,0,1,0,6,8,.5.5,0,0,0,5.5,7.5Z\" transform=\"translate(-2 -1.5)\"/></svg>"}],"images":[{"formats":{"thumbnail":{"name":"thumbnail_claire1.jpg","hash":"thumbnail_claire1_6a4c6f16c8","ext":".jpg","mime":"image/jpeg","width":245,"height":103,"size":5.37,"path":null,"url":"/uploads/thumbnail_claire1_6a4c6f16c8.jpg"},"large":{"name":"large_claire1.jpg","hash":"large_claire1_6a4c6f16c8","ext":".jpg","mime":"image/jpeg","width":1000,"height":419,"size":49.64,"path":null,"url":"/uploads/large_claire1_6a4c6f16c8.jpg"},"medium":{"name":"medium_claire1.jpg","hash":"medium_claire1_6a4c6f16c8","ext":".jpg","mime":"image/jpeg","width":750,"height":314,"size":32.42,"path":null,"url":"/uploads/medium_claire1_6a4c6f16c8.jpg"},"small":{"name":"small_claire1.jpg","hash":"small_claire1_6a4c6f16c8","ext":".jpg","mime":"image/jpeg","width":500,"height":209,"size":17.09,"path":null,"url":"/uploads/small_claire1_6a4c6f16c8.jpg"}}},{"formats":{"thumbnail":{"name":"thumbnail_claire2.jpg","hash":"thumbnail_claire2_981ceedc1a","ext":".jpg","mime":"image/jpeg","width":245,"height":103,"size":5.07,"path":null,"url":"/uploads/thumbnail_claire2_981ceedc1a.jpg"},"large":{"name":"large_claire2.jpg","hash":"large_claire2_981ceedc1a","ext":".jpg","mime":"image/jpeg","width":1000,"height":419,"size":49.26,"path":null,"url":"/uploads/large_claire2_981ceedc1a.jpg"},"medium":{"name":"medium_claire2.jpg","hash":"medium_claire2_981ceedc1a","ext":".jpg","mime":"image/jpeg","width":750,"height":314,"size":31.47,"path":null,"url":"/uploads/medium_claire2_981ceedc1a.jpg"},"small":{"name":"small_claire2.jpg","hash":"small_claire2_981ceedc1a","ext":".jpg","mime":"image/jpeg","width":500,"height":209,"size":16.05,"path":null,"url":"/uploads/small_claire2_981ceedc1a.jpg"}}}]},{"title":"Remains","categories":[{"slug":"film"}],"category":{"slug":"film"},"date":null,"id":"2","slug":"remains","backgroundcolor":"#312c27","foregroundcolor":"#aab3a0","foregroundcolor2":"#91a09b","tags":[{"name":"Color Grading","id":"1","icon":"<svg xmlns=\"http://www.w3.org/2000/svg\" viewBox=\"0 0 14 12.5\"><path d=\"M8,3c3.4206,0,6,1.72,6,4,0,.6364-.347.8807-1.4613,1.338-.86.3531-2.0387.8367-2.0387,2.162a2.9381,2.9381,0,0,1-3,3A5.103,5.103,0,0,1,2,8C2,4.31,5.2322,3,8,3M8,2C4.134,2,1,4.134,1,8a6.1067,6.1067,0,0,0,6.5,6.5,3.9437,3.9437,0,0,0,4-4C11.5,9,15,9.5,15,7c0-3-3.134-5-7-5Z\" transform=\"translate(-1 -2)\"/><circle class=\"a\" cx=\"6.5\" cy=\"8.5\" r=\"1.25\"/><path d=\"M7.5,9.5a1,1,0,1,1-1,1,1.0011,1.0011,0,0,1,1-1m0-.5A1.5,1.5,0,1,0,9,10.5,1.5,1.5,0,0,0,7.5,9Z\" transform=\"translate(-1 -2)\"/><circle class=\"a\" cx=\"3.5\" cy=\"4.5\" r=\"0.5\"/><path d=\"M4.5,5.5a1,1,0,1,0,1,1,1,1,0,0,0-1-1Z\" transform=\"translate(-1 -2)\"/><circle class=\"a\" cx=\"7\" cy=\"3\" r=\"0.5\"/><path d=\"M8,4A1,1,0,1,0,9,5,1,1,0,0,0,8,4Z\" transform=\"translate(-1 -2)\"/><circle class=\"a\" cx=\"10.5\" cy=\"4.5\" r=\"0.5\"/><path d=\"M11.5,5.5a1,1,0,1,0,1,1,1,1,0,0,0-1-1Z\" transform=\"translate(-1 -2)\"/><circle class=\"a\" cx=\"3\" cy=\"7.5\" r=\"0.5\"/><path d=\"M4,8.5a1,1,0,1,0,1,1,1,1,0,0,0-1-1Z\" transform=\"translate(-1 -2)\"/></svg>"},{"name":"Cinematography","id":"3","icon":"<svg xmlns=\"http://www.w3.org/2000/svg\" viewBox=\"0 0 11.5 13.5\"><defs><style>.a{stroke-miterlimit:10;}</style></defs><title>cinematography</title><path class=\"a\" d=\"M3,11\" transform=\"translate(-2 -1.5)\"/><path d=\"M8,6v4.5H3V6H8M9,5H2v6.5H9V5Z\" transform=\"translate(-2 -1.5)\"/><path d=\"M10,5.4142v5.6716l-1-1V6.4142l1-1M11,3,8,6v4.5l3,3V3Z\" transform=\"translate(-2 -1.5)\"/><path d=\"M11,5.7232l1.5.8571v3.76l-1.5.6429v-5.26M10,4v8.5L13.5,11V6L10,4Z\" transform=\"translate(-2 -1.5)\"/><polygon points=\"10.5 0 9 1.5 9 2.914 11 0.914 10.5 0\"/><polygon points=\"11 12.586 9 10.586 9 12 10.5 13.5 11 12.586\"/><rect x=\"3\" y=\"7\" width=\"1\" height=\"6\"/><path d=\"M5.5,9.5A1.5,1.5,0,1,1,7,8,1.5017,1.5017,0,0,1,5.5,9.5Zm0-2A.5.5,0,1,0,6,8,.5.5,0,0,0,5.5,7.5Z\" transform=\"translate(-2 -1.5)\"/></svg>"}],"images":[{"formats":{"thumbnail":{"name":"thumbnail_vlcsnap-2020-10-11-19h47m46s966.png","hash":"thumbnail_vlcsnap_2020_10_11_19h47m46s966_b2ecbbb575","ext":".png","mime":"image/png","width":245,"height":123,"size":48.54,"path":null,"url":"/uploads/thumbnail_vlcsnap_2020_10_11_19h47m46s966_b2ecbbb575.png"},"large":{"name":"large_vlcsnap-2020-10-11-19h47m46s966.png","hash":"large_vlcsnap_2020_10_11_19h47m46s966_b2ecbbb575","ext":".png","mime":"image/png","width":1000,"height":500,"size":555.28,"path":null,"url":"/uploads/large_vlcsnap_2020_10_11_19h47m46s966_b2ecbbb575.png"},"medium":{"name":"medium_vlcsnap-2020-10-11-19h47m46s966.png","hash":"medium_vlcsnap_2020_10_11_19h47m46s966_b2ecbbb575","ext":".png","mime":"image/png","width":750,"height":375,"size":337.89,"path":null,"url":"/uploads/medium_vlcsnap_2020_10_11_19h47m46s966_b2ecbbb575.png"},"small":{"name":"small_vlcsnap-2020-10-11-19h47m46s966.png","hash":"small_vlcsnap_2020_10_11_19h47m46s966_b2ecbbb575","ext":".png","mime":"image/png","width":500,"height":250,"size":167.65,"path":null,"url":"/uploads/small_vlcsnap_2020_10_11_19h47m46s966_b2ecbbb575.png"}}},{"formats":{"thumbnail":{"name":"thumbnail_vlcsnap-2020-10-11-23h02m46s759.png","hash":"thumbnail_vlcsnap_2020_10_11_23h02m46s759_395d3ce390","ext":".png","mime":"image/png","width":245,"height":123,"size":45.91,"path":null,"url":"/uploads/thumbnail_vlcsnap_2020_10_11_23h02m46s759_395d3ce390.png"},"large":{"name":"large_vlcsnap-2020-10-11-23h02m46s759.png","hash":"large_vlcsnap_2020_10_11_23h02m46s759_395d3ce390","ext":".png","mime":"image/png","width":1000,"height":500,"size":451.97,"path":null,"url":"/uploads/large_vlcsnap_2020_10_11_23h02m46s759_395d3ce390.png"},"medium":{"name":"medium_vlcsnap-2020-10-11-23h02m46s759.png","hash":"medium_vlcsnap_2020_10_11_23h02m46s759_395d3ce390","ext":".png","mime":"image/png","width":750,"height":375,"size":288.33,"path":null,"url":"/uploads/medium_vlcsnap_2020_10_11_23h02m46s759_395d3ce390.png"},"small":{"name":"small_vlcsnap-2020-10-11-23h02m46s759.png","hash":"small_vlcsnap_2020_10_11_23h02m46s759_395d3ce390","ext":".png","mime":"image/png","width":500,"height":250,"size":148.95,"path":null,"url":"/uploads/small_vlcsnap_2020_10_11_23h02m46s759_395d3ce390.png"}}},{"formats":{"thumbnail":{"name":"thumbnail_vlcsnap-2020-10-11-19h49m03s146.png","hash":"thumbnail_vlcsnap_2020_10_11_19h49m03s146_7e1237b2cc","ext":".png","mime":"image/png","width":245,"height":123,"size":68.05,"path":null,"url":"/uploads/thumbnail_vlcsnap_2020_10_11_19h49m03s146_7e1237b2cc.png"},"large":{"name":"large_vlcsnap-2020-10-11-19h49m03s146.png","hash":"large_vlcsnap_2020_10_11_19h49m03s146_7e1237b2cc","ext":".png","mime":"image/png","width":1000,"height":500,"size":793.17,"path":null,"url":"/uploads/large_vlcsnap_2020_10_11_19h49m03s146_7e1237b2cc.png"},"medium":{"name":"medium_vlcsnap-2020-10-11-19h49m03s146.png","hash":"medium_vlcsnap_2020_10_11_19h49m03s146_7e1237b2cc","ext":".png","mime":"image/png","width":750,"height":375,"size":497.11,"path":null,"url":"/uploads/medium_vlcsnap_2020_10_11_19h49m03s146_7e1237b2cc.png"},"small":{"name":"small_vlcsnap-2020-10-11-19h49m03s146.png","hash":"small_vlcsnap_2020_10_11_19h49m03s146_7e1237b2cc","ext":".png","mime":"image/png","width":500,"height":250,"size":247.6,"path":null,"url":"/uploads/small_vlcsnap_2020_10_11_19h49m03s146_7e1237b2cc.png"}}}]},{"title":"Nighthawk","categories":[{"slug":"design"},{"slug":"film"}],"category":{"slug":"film"},"date":"2020-09-24","id":"3","slug":"nighthawk","backgroundcolor":"#0e1a18","foregroundcolor":"#934932","foregroundcolor2":"#b9b09f","tags":[{"name":"Color Grading","id":"1","icon":"<svg xmlns=\"http://www.w3.org/2000/svg\" viewBox=\"0 0 14 12.5\"><path d=\"M8,3c3.4206,0,6,1.72,6,4,0,.6364-.347.8807-1.4613,1.338-.86.3531-2.0387.8367-2.0387,2.162a2.9381,2.9381,0,0,1-3,3A5.103,5.103,0,0,1,2,8C2,4.31,5.2322,3,8,3M8,2C4.134,2,1,4.134,1,8a6.1067,6.1067,0,0,0,6.5,6.5,3.9437,3.9437,0,0,0,4-4C11.5,9,15,9.5,15,7c0-3-3.134-5-7-5Z\" transform=\"translate(-1 -2)\"/><circle class=\"a\" cx=\"6.5\" cy=\"8.5\" r=\"1.25\"/><path d=\"M7.5,9.5a1,1,0,1,1-1,1,1.0011,1.0011,0,0,1,1-1m0-.5A1.5,1.5,0,1,0,9,10.5,1.5,1.5,0,0,0,7.5,9Z\" transform=\"translate(-1 -2)\"/><circle class=\"a\" cx=\"3.5\" cy=\"4.5\" r=\"0.5\"/><path d=\"M4.5,5.5a1,1,0,1,0,1,1,1,1,0,0,0-1-1Z\" transform=\"translate(-1 -2)\"/><circle class=\"a\" cx=\"7\" cy=\"3\" r=\"0.5\"/><path d=\"M8,4A1,1,0,1,0,9,5,1,1,0,0,0,8,4Z\" transform=\"translate(-1 -2)\"/><circle class=\"a\" cx=\"10.5\" cy=\"4.5\" r=\"0.5\"/><path d=\"M11.5,5.5a1,1,0,1,0,1,1,1,1,0,0,0-1-1Z\" transform=\"translate(-1 -2)\"/><circle class=\"a\" cx=\"3\" cy=\"7.5\" r=\"0.5\"/><path d=\"M4,8.5a1,1,0,1,0,1,1,1,1,0,0,0-1-1Z\" transform=\"translate(-1 -2)\"/></svg>"},{"name":"Editing","id":"2","icon":"<svg xmlns=\"http://www.w3.org/2000/svg\" viewBox=\"0 0 14.5 13.0334\"><path d=\"M3.5,6A1.5033,1.5033,0,0,1,4.97,7.199L5.1322,8h7.6645L11.63,9H3.5a1.5,1.5,0,0,1,0-3m0-1a2.5,2.5,0,0,0,0,5H12l3.5-3H5.95A2.5,2.5,0,0,0,3.5,5Z\" transform=\"translate(-1 -1.4742)\"/><path d=\"M3.5,7a.5.5,0,1,0,.5.5A.5.5,0,0,0,3.5,7Z\" transform=\"translate(-1 -1.4742)\"/><path d=\"M6.3932,11.5069a.5.5,0,1,0,.2214.052.5.5,0,0,0-.2214-.052Z\" transform=\"translate(-1 -1.4742)\"/><path d=\"M10.0689,3.4533,8.3133,7H7.1975L8.6551,4.0553l1.4138-.602m2.0954-1.9791L7.923,3.28,5.5867,8H8.9341l3.23-6.5258Z\" transform=\"translate(-1 -1.4742)\"/><path d=\"M6.8284,10l-.16.3224.6457.5011a1.5005,1.5005,0,0,1-.9235,2.6841,1.4836,1.4836,0,0,1-.6636-.1563,1.5017,1.5017,0,0,1-.6789-2.01L5.7126,10H6.8284M8.4391,9H5.0917l-.9394,1.898a2.5,2.5,0,1,0,3.7753-.8646L8.4391,9Z\" transform=\"translate(-1 -1.4742)\"/></svg>"},{"name":"Cinematography","id":"3","icon":"<svg xmlns=\"http://www.w3.org/2000/svg\" viewBox=\"0 0 11.5 13.5\"><defs><style>.a{stroke-miterlimit:10;}</style></defs><title>cinematography</title><path class=\"a\" d=\"M3,11\" transform=\"translate(-2 -1.5)\"/><path d=\"M8,6v4.5H3V6H8M9,5H2v6.5H9V5Z\" transform=\"translate(-2 -1.5)\"/><path d=\"M10,5.4142v5.6716l-1-1V6.4142l1-1M11,3,8,6v4.5l3,3V3Z\" transform=\"translate(-2 -1.5)\"/><path d=\"M11,5.7232l1.5.8571v3.76l-1.5.6429v-5.26M10,4v8.5L13.5,11V6L10,4Z\" transform=\"translate(-2 -1.5)\"/><polygon points=\"10.5 0 9 1.5 9 2.914 11 0.914 10.5 0\"/><polygon points=\"11 12.586 9 10.586 9 12 10.5 13.5 11 12.586\"/><rect x=\"3\" y=\"7\" width=\"1\" height=\"6\"/><path d=\"M5.5,9.5A1.5,1.5,0,1,1,7,8,1.5017,1.5017,0,0,1,5.5,9.5Zm0-2A.5.5,0,1,0,6,8,.5.5,0,0,0,5.5,7.5Z\" transform=\"translate(-2 -1.5)\"/></svg>"}],"images":[{"formats":{"thumbnail":{"name":"thumbnail_leslie.jpg","hash":"thumbnail_leslie_c7926c6729","ext":".jpg","mime":"image/jpeg","width":245,"height":103,"size":3.37,"path":null,"url":"/uploads/thumbnail_leslie_c7926c6729.jpg"},"large":{"name":"large_leslie.jpg","hash":"large_leslie_c7926c6729","ext":".jpg","mime":"image/jpeg","width":1000,"height":419,"size":26.83,"path":null,"url":"/uploads/large_leslie_c7926c6729.jpg"},"medium":{"name":"medium_leslie.jpg","hash":"medium_leslie_c7926c6729","ext":".jpg","mime":"image/jpeg","width":750,"height":314,"size":17.31,"path":null,"url":"/uploads/medium_leslie_c7926c6729.jpg"},"small":{"name":"small_leslie.jpg","hash":"small_leslie_c7926c6729","ext":".jpg","mime":"image/jpeg","width":500,"height":209,"size":9.45,"path":null,"url":"/uploads/small_leslie_c7926c6729.jpg"}}},{"formats":{"thumbnail":{"name":"thumbnail_scene5_1_1.20.4.jpg","hash":"thumbnail_scene5_1_1_20_4_418b419537","ext":".jpg","mime":"image/jpeg","width":245,"height":103,"size":4.71,"path":null,"url":"/uploads/thumbnail_scene5_1_1_20_4_418b419537.jpg"},"large":{"name":"large_scene5_1_1.20.4.jpg","hash":"large_scene5_1_1_20_4_418b419537","ext":".jpg","mime":"image/jpeg","width":1000,"height":419,"size":42.92,"path":null,"url":"/uploads/large_scene5_1_1_20_4_418b419537.jpg"},"medium":{"name":"medium_scene5_1_1.20.4.jpg","hash":"medium_scene5_1_1_20_4_418b419537","ext":".jpg","mime":"image/jpeg","width":750,"height":314,"size":27.48,"path":null,"url":"/uploads/medium_scene5_1_1_20_4_418b419537.jpg"},"small":{"name":"small_scene5_1_1.20.4.jpg","hash":"small_scene5_1_1_20_4_418b419537","ext":".jpg","mime":"image/jpeg","width":500,"height":209,"size":14.07,"path":null,"url":"/uploads/small_scene5_1_1_20_4_418b419537.jpg"}}},{"formats":{"thumbnail":{"name":"thumbnail_scene3_2_4.2.2.jpg","hash":"thumbnail_scene3_2_4_2_2_4506b6c12b","ext":".jpg","mime":"image/jpeg","width":245,"height":103,"size":3.34,"path":null,"url":"/uploads/thumbnail_scene3_2_4_2_2_4506b6c12b.jpg"},"large":{"name":"large_scene3_2_4.2.2.jpg","hash":"large_scene3_2_4_2_2_4506b6c12b","ext":".jpg","mime":"image/jpeg","width":1000,"height":419,"size":26.87,"path":null,"url":"/uploads/large_scene3_2_4_2_2_4506b6c12b.jpg"},"medium":{"name":"medium_scene3_2_4.2.2.jpg","hash":"medium_scene3_2_4_2_2_4506b6c12b","ext":".jpg","mime":"image/jpeg","width":750,"height":314,"size":16.88,"path":null,"url":"/uploads/medium_scene3_2_4_2_2_4506b6c12b.jpg"},"small":{"name":"small_scene3_2_4.2.2.jpg","hash":"small_scene3_2_4_2_2_4506b6c12b","ext":".jpg","mime":"image/jpeg","width":500,"height":209,"size":9.13,"path":null,"url":"/uploads/small_scene3_2_4_2_2_4506b6c12b.jpg"}}},{"formats":{"thumbnail":{"name":"thumbnail_coolstill_1.37.1.jpg","hash":"thumbnail_coolstill_1_37_1_09dbe2daef","ext":".jpg","mime":"image/jpeg","width":245,"height":103,"size":3.58,"path":null,"url":"/uploads/thumbnail_coolstill_1_37_1_09dbe2daef.jpg"},"large":{"name":"large_coolstill_1.37.1.jpg","hash":"large_coolstill_1_37_1_09dbe2daef","ext":".jpg","mime":"image/jpeg","width":1000,"height":419,"size":27.01,"path":null,"url":"/uploads/large_coolstill_1_37_1_09dbe2daef.jpg"},"medium":{"name":"medium_coolstill_1.37.1.jpg","hash":"medium_coolstill_1_37_1_09dbe2daef","ext":".jpg","mime":"image/jpeg","width":750,"height":314,"size":17.54,"path":null,"url":"/uploads/medium_coolstill_1_37_1_09dbe2daef.jpg"},"small":{"name":"small_coolstill_1.37.1.jpg","hash":"small_coolstill_1_37_1_09dbe2daef","ext":".jpg","mime":"image/jpeg","width":500,"height":209,"size":9.67,"path":null,"url":"/uploads/small_coolstill_1_37_1_09dbe2daef.jpg"}}}]},{"title":"Better Fountain","categories":[{"slug":"software"}],"category":{"slug":"software"},"date":"2018-09-28","id":"4","slug":"betterfountain","backgroundcolor":"#000000","foregroundcolor":"#f2ae8f","foregroundcolor2":"#E2C7C5","tags":[{"name":"Vscode","id":"4","icon":null}],"images":[{"formats":{"thumbnail":{"name":"thumbnail_betterfountain.JPG","hash":"thumbnail_betterfountain_132a8e394c","ext":".JPG","mime":"image/jpeg","width":245,"height":118,"size":6.65,"path":null,"url":"/uploads/thumbnail_betterfountain_132a8e394c.JPG"},"large":{"name":"large_betterfountain.JPG","hash":"large_betterfountain_132a8e394c","ext":".JPG","mime":"image/jpeg","width":1000,"height":480,"size":91.94,"path":null,"url":"/uploads/large_betterfountain_132a8e394c.JPG"},"medium":{"name":"medium_betterfountain.JPG","hash":"medium_betterfountain_132a8e394c","ext":".JPG","mime":"image/jpeg","width":750,"height":360,"size":50.3,"path":null,"url":"/uploads/medium_betterfountain_132a8e394c.JPG"},"small":{"name":"small_betterfountain.JPG","hash":"small_betterfountain_132a8e394c","ext":".JPG","mime":"image/jpeg","width":500,"height":240,"size":24.29,"path":null,"url":"/uploads/small_betterfountain_132a8e394c.JPG"}}},{"formats":{"thumbnail":{"name":"thumbnail_betterfountain2.JPG","hash":"thumbnail_betterfountain2_e7851ea4d4","ext":".JPG","mime":"image/jpeg","width":245,"height":118,"size":4.42,"path":null,"url":"/uploads/thumbnail_betterfountain2_e7851ea4d4.JPG"},"large":{"name":"large_betterfountain2.JPG","hash":"large_betterfountain2_e7851ea4d4","ext":".JPG","mime":"image/jpeg","width":1000,"height":480,"size":55.78,"path":null,"url":"/uploads/large_betterfountain2_e7851ea4d4.JPG"},"medium":{"name":"medium_betterfountain2.JPG","hash":"medium_betterfountain2_e7851ea4d4","ext":".JPG","mime":"image/jpeg","width":750,"height":360,"size":31.41,"path":null,"url":"/uploads/medium_betterfountain2_e7851ea4d4.JPG"},"small":{"name":"small_betterfountain2.JPG","hash":"small_betterfountain2_e7851ea4d4","ext":".JPG","mime":"image/jpeg","width":500,"height":240,"size":15.01,"path":null,"url":"/uploads/small_betterfountain2_e7851ea4d4.JPG"}}}]},{"title":"aufilmaking.co.uk","categories":[{"slug":"software"}],"category":{"slug":"software"},"date":null,"id":"5","slug":"aufilmmaking","backgroundcolor":"#121814","foregroundcolor":"#d8bb94","foregroundcolor2":null,"tags":[],"images":[{"formats":{"thumbnail":{"name":"thumbnail_newwebsite.jpg","hash":"thumbnail_newwebsite_7f2568ec89","ext":".jpg","mime":"image/jpeg","width":245,"height":103,"size":3.28,"path":null,"url":"/uploads/thumbnail_newwebsite_7f2568ec89.jpg"},"large":{"name":"large_newwebsite.jpg","hash":"large_newwebsite_7f2568ec89","ext":".jpg","mime":"image/jpeg","width":1000,"height":419,"size":27.31,"path":null,"url":"/uploads/large_newwebsite_7f2568ec89.jpg"},"medium":{"name":"medium_newwebsite.jpg","hash":"medium_newwebsite_7f2568ec89","ext":".jpg","mime":"image/jpeg","width":750,"height":314,"size":17.85,"path":null,"url":"/uploads/medium_newwebsite_7f2568ec89.jpg"},"small":{"name":"small_newwebsite.jpg","hash":"small_newwebsite_7f2568ec89","ext":".jpg","mime":"image/jpeg","width":500,"height":209,"size":9.65,"path":null,"url":"/uploads/small_newwebsite_7f2568ec89.jpg"}}}]}]}