{"documents":[{"title":"2035","description":"'2035' is a short film shot in February 2020, on which I was director of photography and colourist. Our very small budget forced us to plan everything very carefully, but we ultimately managed to create a consistent universe of greys, greens, and blues - except for some flashback scenes which are more intense reds and browns.","contentblocks":[{"tag":{"name":"Color Grading","icon":"<svg xmlns=\"http://www.w3.org/2000/svg\" viewBox=\"0 0 14 12.5\"><path d=\"M8,3c3.4206,0,6,1.72,6,4,0,.6364-.347.8807-1.4613,1.338-.86.3531-2.0387.8367-2.0387,2.162a2.9381,2.9381,0,0,1-3,3A5.103,5.103,0,0,1,2,8C2,4.31,5.2322,3,8,3M8,2C4.134,2,1,4.134,1,8a6.1067,6.1067,0,0,0,6.5,6.5,3.9437,3.9437,0,0,0,4-4C11.5,9,15,9.5,15,7c0-3-3.134-5-7-5Z\" transform=\"translate(-1 -2)\"/><circle class=\"a\" cx=\"6.5\" cy=\"8.5\" r=\"1.25\"/><path d=\"M7.5,9.5a1,1,0,1,1-1,1,1.0011,1.0011,0,0,1,1-1m0-.5A1.5,1.5,0,1,0,9,10.5,1.5,1.5,0,0,0,7.5,9Z\" transform=\"translate(-1 -2)\"/><circle class=\"a\" cx=\"3.5\" cy=\"4.5\" r=\"0.5\"/><path d=\"M4.5,5.5a1,1,0,1,0,1,1,1,1,0,0,0-1-1Z\" transform=\"translate(-1 -2)\"/><circle class=\"a\" cx=\"7\" cy=\"3\" r=\"0.5\"/><path d=\"M8,4A1,1,0,1,0,9,5,1,1,0,0,0,8,4Z\" transform=\"translate(-1 -2)\"/><circle class=\"a\" cx=\"10.5\" cy=\"4.5\" r=\"0.5\"/><path d=\"M11.5,5.5a1,1,0,1,0,1,1,1,1,0,0,0-1-1Z\" transform=\"translate(-1 -2)\"/><circle class=\"a\" cx=\"3\" cy=\"7.5\" r=\"0.5\"/><path d=\"M4,8.5a1,1,0,1,0,1,1,1,1,0,0,0-1-1Z\" transform=\"translate(-1 -2)\"/></svg>"},"title":null,"videoembed":null,"videoembedaspect":null,"beforeafters":[{"before":{"formats":{"thumbnail":{"name":"thumbnail_scene1_nograde__1.8.2.jpg","hash":"thumbnail_scene1_nograde_1_8_2_42ef716bab","ext":".jpg","mime":"image/jpeg","width":245,"height":104,"size":4.42,"path":null,"url":"/uploads/thumbnail_scene1_nograde_1_8_2_42ef716bab.jpg"},"large":{"name":"large_scene1_nograde__1.8.2.jpg","hash":"large_scene1_nograde_1_8_2_42ef716bab","ext":".jpg","mime":"image/jpeg","width":1000,"height":425,"size":32.1,"path":null,"url":"/uploads/large_scene1_nograde_1_8_2_42ef716bab.jpg"},"medium":{"name":"medium_scene1_nograde__1.8.2.jpg","hash":"medium_scene1_nograde_1_8_2_42ef716bab","ext":".jpg","mime":"image/jpeg","width":750,"height":319,"size":21.08,"path":null,"url":"/uploads/medium_scene1_nograde_1_8_2_42ef716bab.jpg"},"small":{"name":"small_scene1_nograde__1.8.2.jpg","hash":"small_scene1_nograde_1_8_2_42ef716bab","ext":".jpg","mime":"image/jpeg","width":500,"height":213,"size":12.23,"path":null,"url":"/uploads/small_scene1_nograde_1_8_2_42ef716bab.jpg"}}},"after":{"formats":{"thumbnail":{"name":"thumbnail_scene1_grade1_1.8.1.jpg","hash":"thumbnail_scene1_grade1_1_8_1_4e97359d2c","ext":".jpg","mime":"image/jpeg","width":245,"height":104,"size":4.93,"path":null,"url":"/uploads/thumbnail_scene1_grade1_1_8_1_4e97359d2c.jpg"},"large":{"name":"large_scene1_grade1_1.8.1.jpg","hash":"large_scene1_grade1_1_8_1_4e97359d2c","ext":".jpg","mime":"image/jpeg","width":1000,"height":425,"size":36.41,"path":null,"url":"/uploads/large_scene1_grade1_1_8_1_4e97359d2c.jpg"},"medium":{"name":"medium_scene1_grade1_1.8.1.jpg","hash":"medium_scene1_grade1_1_8_1_4e97359d2c","ext":".jpg","mime":"image/jpeg","width":750,"height":319,"size":23.84,"path":null,"url":"/uploads/medium_scene1_grade1_1_8_1_4e97359d2c.jpg"},"small":{"name":"small_scene1_grade1_1.8.1.jpg","hash":"small_scene1_grade1_1_8_1_4e97359d2c","ext":".jpg","mime":"image/jpeg","width":500,"height":213,"size":13.74,"path":null,"url":"/uploads/small_scene1_grade1_1_8_1_4e97359d2c.jpg"}}},"offset":0.5},{"before":{"formats":{"thumbnail":{"name":"thumbnail_scene1_2_1.18.2.jpg","hash":"thumbnail_scene1_2_1_18_2_7dfbff8a95","ext":".jpg","mime":"image/jpeg","width":245,"height":104,"size":3.72,"path":null,"url":"/uploads/thumbnail_scene1_2_1_18_2_7dfbff8a95.jpg"},"large":{"name":"large_scene1_2_1.18.2.jpg","hash":"large_scene1_2_1_18_2_7dfbff8a95","ext":".jpg","mime":"image/jpeg","width":1000,"height":425,"size":35.22,"path":null,"url":"/uploads/large_scene1_2_1_18_2_7dfbff8a95.jpg"},"medium":{"name":"medium_scene1_2_1.18.2.jpg","hash":"medium_scene1_2_1_18_2_7dfbff8a95","ext":".jpg","mime":"image/jpeg","width":750,"height":319,"size":21.4,"path":null,"url":"/uploads/medium_scene1_2_1_18_2_7dfbff8a95.jpg"},"small":{"name":"small_scene1_2_1.18.2.jpg","hash":"small_scene1_2_1_18_2_7dfbff8a95","ext":".jpg","mime":"image/jpeg","width":500,"height":213,"size":11.44,"path":null,"url":"/uploads/small_scene1_2_1_18_2_7dfbff8a95.jpg"}}},"after":{"formats":{"thumbnail":{"name":"thumbnail_scene1_1.18.1.jpg","hash":"thumbnail_scene1_1_18_1_7c3aada0f6","ext":".jpg","mime":"image/jpeg","width":245,"height":104,"size":3.78,"path":null,"url":"/uploads/thumbnail_scene1_1_18_1_7c3aada0f6.jpg"},"large":{"name":"large_scene1_1.18.1.jpg","hash":"large_scene1_1_18_1_7c3aada0f6","ext":".jpg","mime":"image/jpeg","width":1000,"height":425,"size":36.88,"path":null,"url":"/uploads/large_scene1_1_18_1_7c3aada0f6.jpg"},"medium":{"name":"medium_scene1_1.18.1.jpg","hash":"medium_scene1_1_18_1_7c3aada0f6","ext":".jpg","mime":"image/jpeg","width":750,"height":319,"size":22.17,"path":null,"url":"/uploads/medium_scene1_1_18_1_7c3aada0f6.jpg"},"small":{"name":"small_scene1_1.18.1.jpg","hash":"small_scene1_1_18_1_7c3aada0f6","ext":".jpg","mime":"image/jpeg","width":500,"height":213,"size":11.7,"path":null,"url":"/uploads/small_scene1_1_18_1_7c3aada0f6.jpg"}}},"offset":0.5}],"description":""},{"tag":null,"title":null,"videoembed":null,"videoembedaspect":null,"beforeafters":[],"description":null},{"tag":null,"title":"Trailer","videoembed":"https://www.youtube.com/watch?v=baWU8-ug1Vk","videoembedaspect":2.35,"beforeafters":[],"description":""}],"moreinfo":[{"link":null,"outlink":null,"header":"Directed By","subheader":"Karolina Smolova"},{"link":null,"outlink":null,"header":"Produced By","subheader":"Sofia Ferrara"},{"link":null,"outlink":null,"header":"Runtime","subheader":"19min"}],"date":"2020-08-13","id":"1","slug":"2035","backgroundcolor":"#121814","foregroundcolor":"#cabca3","foregroundcolor2":"#969080","images":[{"formats":{"thumbnail":{"name":"thumbnail_claire1.jpg","hash":"thumbnail_claire1_6a4c6f16c8","ext":".jpg","mime":"image/jpeg","width":245,"height":103,"size":5.37,"path":null,"url":"/uploads/thumbnail_claire1_6a4c6f16c8.jpg"},"large":{"name":"large_claire1.jpg","hash":"large_claire1_6a4c6f16c8","ext":".jpg","mime":"image/jpeg","width":1000,"height":419,"size":49.64,"path":null,"url":"/uploads/large_claire1_6a4c6f16c8.jpg"},"medium":{"name":"medium_claire1.jpg","hash":"medium_claire1_6a4c6f16c8","ext":".jpg","mime":"image/jpeg","width":750,"height":314,"size":32.42,"path":null,"url":"/uploads/medium_claire1_6a4c6f16c8.jpg"},"small":{"name":"small_claire1.jpg","hash":"small_claire1_6a4c6f16c8","ext":".jpg","mime":"image/jpeg","width":500,"height":209,"size":17.09,"path":null,"url":"/uploads/small_claire1_6a4c6f16c8.jpg"}},"url":"/uploads/claire1_6a4c6f16c8.jpg"},{"formats":{"thumbnail":{"name":"thumbnail_claire2.jpg","hash":"thumbnail_claire2_981ceedc1a","ext":".jpg","mime":"image/jpeg","width":245,"height":103,"size":5.07,"path":null,"url":"/uploads/thumbnail_claire2_981ceedc1a.jpg"},"large":{"name":"large_claire2.jpg","hash":"large_claire2_981ceedc1a","ext":".jpg","mime":"image/jpeg","width":1000,"height":419,"size":49.26,"path":null,"url":"/uploads/large_claire2_981ceedc1a.jpg"},"medium":{"name":"medium_claire2.jpg","hash":"medium_claire2_981ceedc1a","ext":".jpg","mime":"image/jpeg","width":750,"height":314,"size":31.47,"path":null,"url":"/uploads/medium_claire2_981ceedc1a.jpg"},"small":{"name":"small_claire2.jpg","hash":"small_claire2_981ceedc1a","ext":".jpg","mime":"image/jpeg","width":500,"height":209,"size":16.05,"path":null,"url":"/uploads/small_claire2_981ceedc1a.jpg"}},"url":"/uploads/claire2_981ceedc1a.jpg"}],"poster":{"formats":{"thumbnail":{"name":"thumbnail_full poster_finalsmall.jpg","hash":"thumbnail_full_poster_finalsmall_58767a5ff2","ext":".jpg","mime":"image/jpeg","width":104,"height":156,"size":3.55,"path":null,"url":"/uploads/thumbnail_full_poster_finalsmall_58767a5ff2.jpg"},"large":{"name":"large_full poster_finalsmall.jpg","hash":"large_full_poster_finalsmall_58767a5ff2","ext":".jpg","mime":"image/jpeg","width":667,"height":1000,"size":65.99,"path":null,"url":"/uploads/large_full_poster_finalsmall_58767a5ff2.jpg"},"medium":{"name":"medium_full poster_finalsmall.jpg","hash":"medium_full_poster_finalsmall_58767a5ff2","ext":".jpg","mime":"image/jpeg","width":500,"height":750,"size":41.76,"path":null,"url":"/uploads/medium_full_poster_finalsmall_58767a5ff2.jpg"},"small":{"name":"small_full poster_finalsmall.jpg","hash":"small_full_poster_finalsmall_58767a5ff2","ext":".jpg","mime":"image/jpeg","width":333,"height":500,"size":21.83,"path":null,"url":"/uploads/small_full_poster_finalsmall_58767a5ff2.jpg"}}},"tags":[{"id":"1","name":"Color Grading","icon":"<svg xmlns=\"http://www.w3.org/2000/svg\" viewBox=\"0 0 14 12.5\"><path d=\"M8,3c3.4206,0,6,1.72,6,4,0,.6364-.347.8807-1.4613,1.338-.86.3531-2.0387.8367-2.0387,2.162a2.9381,2.9381,0,0,1-3,3A5.103,5.103,0,0,1,2,8C2,4.31,5.2322,3,8,3M8,2C4.134,2,1,4.134,1,8a6.1067,6.1067,0,0,0,6.5,6.5,3.9437,3.9437,0,0,0,4-4C11.5,9,15,9.5,15,7c0-3-3.134-5-7-5Z\" transform=\"translate(-1 -2)\"/><circle class=\"a\" cx=\"6.5\" cy=\"8.5\" r=\"1.25\"/><path d=\"M7.5,9.5a1,1,0,1,1-1,1,1.0011,1.0011,0,0,1,1-1m0-.5A1.5,1.5,0,1,0,9,10.5,1.5,1.5,0,0,0,7.5,9Z\" transform=\"translate(-1 -2)\"/><circle class=\"a\" cx=\"3.5\" cy=\"4.5\" r=\"0.5\"/><path d=\"M4.5,5.5a1,1,0,1,0,1,1,1,1,0,0,0-1-1Z\" transform=\"translate(-1 -2)\"/><circle class=\"a\" cx=\"7\" cy=\"3\" r=\"0.5\"/><path d=\"M8,4A1,1,0,1,0,9,5,1,1,0,0,0,8,4Z\" transform=\"translate(-1 -2)\"/><circle class=\"a\" cx=\"10.5\" cy=\"4.5\" r=\"0.5\"/><path d=\"M11.5,5.5a1,1,0,1,0,1,1,1,1,0,0,0-1-1Z\" transform=\"translate(-1 -2)\"/><circle class=\"a\" cx=\"3\" cy=\"7.5\" r=\"0.5\"/><path d=\"M4,8.5a1,1,0,1,0,1,1,1,1,0,0,0-1-1Z\" transform=\"translate(-1 -2)\"/></svg>"},{"id":"3","name":"Cinematography","icon":"<svg xmlns=\"http://www.w3.org/2000/svg\" viewBox=\"0 0 11.5 13.5\"><defs><style>.a{stroke-miterlimit:10;}</style></defs><title>cinematography</title><path class=\"a\" d=\"M3,11\" transform=\"translate(-2 -1.5)\"/><path d=\"M8,6v4.5H3V6H8M9,5H2v6.5H9V5Z\" transform=\"translate(-2 -1.5)\"/><path d=\"M10,5.4142v5.6716l-1-1V6.4142l1-1M11,3,8,6v4.5l3,3V3Z\" transform=\"translate(-2 -1.5)\"/><path d=\"M11,5.7232l1.5.8571v3.76l-1.5.6429v-5.26M10,4v8.5L13.5,11V6L10,4Z\" transform=\"translate(-2 -1.5)\"/><polygon points=\"10.5 0 9 1.5 9 2.914 11 0.914 10.5 0\"/><polygon points=\"11 12.586 9 10.586 9 12 10.5 13.5 11 12.586\"/><rect x=\"3\" y=\"7\" width=\"1\" height=\"6\"/><path d=\"M5.5,9.5A1.5,1.5,0,1,1,7,8,1.5017,1.5017,0,0,1,5.5,9.5Zm0-2A.5.5,0,1,0,6,8,.5.5,0,0,0,5.5,7.5Z\" transform=\"translate(-2 -1.5)\"/></svg>"}]}]}