{"documents":[{"title":"Remains","description":"Shot for the Scotland 48 Hour Film Challenge, 'Remains' was shot in a single day. It is a short climate/action film, with a slightly sickly green/yellow color palette.","contentblocks":[{"tag":null,"title":null,"videoembed":"https://www.youtube.com/watch?v=vLqdMRKJVl4&t=17s","videoembedaspect":2,"beforeafters":[],"description":null}],"moreinfo":[{"link":null,"outlink":null,"header":"Directed by","subheader":"Robert Duncan"}],"date":null,"id":"2","slug":"remains","backgroundcolor":"#312c27","foregroundcolor":"#aab3a0","foregroundcolor2":"#91a09b","images":[{"formats":{"thumbnail":{"name":"thumbnail_vlcsnap-2020-10-11-19h47m46s966.png","hash":"thumbnail_vlcsnap_2020_10_11_19h47m46s966_b2ecbbb575","ext":".png","mime":"image/png","width":245,"height":123,"size":48.54,"path":null,"url":"/uploads/thumbnail_vlcsnap_2020_10_11_19h47m46s966_b2ecbbb575.png"},"large":{"name":"large_vlcsnap-2020-10-11-19h47m46s966.png","hash":"large_vlcsnap_2020_10_11_19h47m46s966_b2ecbbb575","ext":".png","mime":"image/png","width":1000,"height":500,"size":555.28,"path":null,"url":"/uploads/large_vlcsnap_2020_10_11_19h47m46s966_b2ecbbb575.png"},"medium":{"name":"medium_vlcsnap-2020-10-11-19h47m46s966.png","hash":"medium_vlcsnap_2020_10_11_19h47m46s966_b2ecbbb575","ext":".png","mime":"image/png","width":750,"height":375,"size":337.89,"path":null,"url":"/uploads/medium_vlcsnap_2020_10_11_19h47m46s966_b2ecbbb575.png"},"small":{"name":"small_vlcsnap-2020-10-11-19h47m46s966.png","hash":"small_vlcsnap_2020_10_11_19h47m46s966_b2ecbbb575","ext":".png","mime":"image/png","width":500,"height":250,"size":167.65,"path":null,"url":"/uploads/small_vlcsnap_2020_10_11_19h47m46s966_b2ecbbb575.png"}},"url":"/uploads/vlcsnap_2020_10_11_19h47m46s966_b2ecbbb575.png"},{"formats":{"thumbnail":{"name":"thumbnail_vlcsnap-2020-10-11-23h02m46s759.png","hash":"thumbnail_vlcsnap_2020_10_11_23h02m46s759_395d3ce390","ext":".png","mime":"image/png","width":245,"height":123,"size":45.91,"path":null,"url":"/uploads/thumbnail_vlcsnap_2020_10_11_23h02m46s759_395d3ce390.png"},"large":{"name":"large_vlcsnap-2020-10-11-23h02m46s759.png","hash":"large_vlcsnap_2020_10_11_23h02m46s759_395d3ce390","ext":".png","mime":"image/png","width":1000,"height":500,"size":451.97,"path":null,"url":"/uploads/large_vlcsnap_2020_10_11_23h02m46s759_395d3ce390.png"},"medium":{"name":"medium_vlcsnap-2020-10-11-23h02m46s759.png","hash":"medium_vlcsnap_2020_10_11_23h02m46s759_395d3ce390","ext":".png","mime":"image/png","width":750,"height":375,"size":288.33,"path":null,"url":"/uploads/medium_vlcsnap_2020_10_11_23h02m46s759_395d3ce390.png"},"small":{"name":"small_vlcsnap-2020-10-11-23h02m46s759.png","hash":"small_vlcsnap_2020_10_11_23h02m46s759_395d3ce390","ext":".png","mime":"image/png","width":500,"height":250,"size":148.95,"path":null,"url":"/uploads/small_vlcsnap_2020_10_11_23h02m46s759_395d3ce390.png"}},"url":"/uploads/vlcsnap_2020_10_11_23h02m46s759_395d3ce390.png"},{"formats":{"thumbnail":{"name":"thumbnail_vlcsnap-2020-10-11-19h49m03s146.png","hash":"thumbnail_vlcsnap_2020_10_11_19h49m03s146_7e1237b2cc","ext":".png","mime":"image/png","width":245,"height":123,"size":68.05,"path":null,"url":"/uploads/thumbnail_vlcsnap_2020_10_11_19h49m03s146_7e1237b2cc.png"},"large":{"name":"large_vlcsnap-2020-10-11-19h49m03s146.png","hash":"large_vlcsnap_2020_10_11_19h49m03s146_7e1237b2cc","ext":".png","mime":"image/png","width":1000,"height":500,"size":793.17,"path":null,"url":"/uploads/large_vlcsnap_2020_10_11_19h49m03s146_7e1237b2cc.png"},"medium":{"name":"medium_vlcsnap-2020-10-11-19h49m03s146.png","hash":"medium_vlcsnap_2020_10_11_19h49m03s146_7e1237b2cc","ext":".png","mime":"image/png","width":750,"height":375,"size":497.11,"path":null,"url":"/uploads/medium_vlcsnap_2020_10_11_19h49m03s146_7e1237b2cc.png"},"small":{"name":"small_vlcsnap-2020-10-11-19h49m03s146.png","hash":"small_vlcsnap_2020_10_11_19h49m03s146_7e1237b2cc","ext":".png","mime":"image/png","width":500,"height":250,"size":247.6,"path":null,"url":"/uploads/small_vlcsnap_2020_10_11_19h49m03s146_7e1237b2cc.png"}},"url":"/uploads/vlcsnap_2020_10_11_19h49m03s146_7e1237b2cc.png"}],"poster":{"formats":{"thumbnail":{"name":"thumbnail_Poster2.jpg","hash":"thumbnail_Poster2_7765e4e67a","ext":".jpg","mime":"image/jpeg","width":105,"height":156,"size":3.03,"path":null,"url":"/uploads/thumbnail_Poster2_7765e4e67a.jpg"},"large":{"name":"large_Poster2.jpg","hash":"large_Poster2_7765e4e67a","ext":".jpg","mime":"image/jpeg","width":675,"height":1000,"size":74.56,"path":null,"url":"/uploads/large_Poster2_7765e4e67a.jpg"},"medium":{"name":"medium_Poster2.jpg","hash":"medium_Poster2_7765e4e67a","ext":".jpg","mime":"image/jpeg","width":506,"height":750,"size":42.46,"path":null,"url":"/uploads/medium_Poster2_7765e4e67a.jpg"},"small":{"name":"small_Poster2.jpg","hash":"small_Poster2_7765e4e67a","ext":".jpg","mime":"image/jpeg","width":338,"height":500,"size":20.26,"path":null,"url":"/uploads/small_Poster2_7765e4e67a.jpg"}}},"tags":[{"id":"1","name":"Color Grading","icon":"<svg xmlns=\"http://www.w3.org/2000/svg\" viewBox=\"0 0 14 12.5\"><path d=\"M8,3c3.4206,0,6,1.72,6,4,0,.6364-.347.8807-1.4613,1.338-.86.3531-2.0387.8367-2.0387,2.162a2.9381,2.9381,0,0,1-3,3A5.103,5.103,0,0,1,2,8C2,4.31,5.2322,3,8,3M8,2C4.134,2,1,4.134,1,8a6.1067,6.1067,0,0,0,6.5,6.5,3.9437,3.9437,0,0,0,4-4C11.5,9,15,9.5,15,7c0-3-3.134-5-7-5Z\" transform=\"translate(-1 -2)\"/><circle class=\"a\" cx=\"6.5\" cy=\"8.5\" r=\"1.25\"/><path d=\"M7.5,9.5a1,1,0,1,1-1,1,1.0011,1.0011,0,0,1,1-1m0-.5A1.5,1.5,0,1,0,9,10.5,1.5,1.5,0,0,0,7.5,9Z\" transform=\"translate(-1 -2)\"/><circle class=\"a\" cx=\"3.5\" cy=\"4.5\" r=\"0.5\"/><path d=\"M4.5,5.5a1,1,0,1,0,1,1,1,1,0,0,0-1-1Z\" transform=\"translate(-1 -2)\"/><circle class=\"a\" cx=\"7\" cy=\"3\" r=\"0.5\"/><path d=\"M8,4A1,1,0,1,0,9,5,1,1,0,0,0,8,4Z\" transform=\"translate(-1 -2)\"/><circle class=\"a\" cx=\"10.5\" cy=\"4.5\" r=\"0.5\"/><path d=\"M11.5,5.5a1,1,0,1,0,1,1,1,1,0,0,0-1-1Z\" transform=\"translate(-1 -2)\"/><circle class=\"a\" cx=\"3\" cy=\"7.5\" r=\"0.5\"/><path d=\"M4,8.5a1,1,0,1,0,1,1,1,1,0,0,0-1-1Z\" transform=\"translate(-1 -2)\"/></svg>"},{"id":"3","name":"Cinematography","icon":"<svg xmlns=\"http://www.w3.org/2000/svg\" viewBox=\"0 0 11.5 13.5\"><defs><style>.a{stroke-miterlimit:10;}</style></defs><title>cinematography</title><path class=\"a\" d=\"M3,11\" transform=\"translate(-2 -1.5)\"/><path d=\"M8,6v4.5H3V6H8M9,5H2v6.5H9V5Z\" transform=\"translate(-2 -1.5)\"/><path d=\"M10,5.4142v5.6716l-1-1V6.4142l1-1M11,3,8,6v4.5l3,3V3Z\" transform=\"translate(-2 -1.5)\"/><path d=\"M11,5.7232l1.5.8571v3.76l-1.5.6429v-5.26M10,4v8.5L13.5,11V6L10,4Z\" transform=\"translate(-2 -1.5)\"/><polygon points=\"10.5 0 9 1.5 9 2.914 11 0.914 10.5 0\"/><polygon points=\"11 12.586 9 10.586 9 12 10.5 13.5 11 12.586\"/><rect x=\"3\" y=\"7\" width=\"1\" height=\"6\"/><path d=\"M5.5,9.5A1.5,1.5,0,1,1,7,8,1.5017,1.5017,0,0,1,5.5,9.5Zm0-2A.5.5,0,1,0,6,8,.5.5,0,0,0,5.5,7.5Z\" transform=\"translate(-2 -1.5)\"/></svg>"}]}]}