{"categories":[{"name":"Film","id":"1","slug":"film","thumbnailimage":{"formats":{"thumbnail":{"name":"thumbnail_scene1_grade1_1.8.1.jpg","hash":"thumbnail_scene1_grade1_1_8_1_4e97359d2c","ext":".jpg","mime":"image/jpeg","width":245,"height":104,"size":4.93,"path":null,"url":"/uploads/thumbnail_scene1_grade1_1_8_1_4e97359d2c.jpg"},"large":{"name":"large_scene1_grade1_1.8.1.jpg","hash":"large_scene1_grade1_1_8_1_4e97359d2c","ext":".jpg","mime":"image/jpeg","width":1000,"height":425,"size":36.41,"path":null,"url":"/uploads/large_scene1_grade1_1_8_1_4e97359d2c.jpg"},"medium":{"name":"medium_scene1_grade1_1.8.1.jpg","hash":"medium_scene1_grade1_1_8_1_4e97359d2c","ext":".jpg","mime":"image/jpeg","width":750,"height":319,"size":23.84,"path":null,"url":"/uploads/medium_scene1_grade1_1_8_1_4e97359d2c.jpg"},"small":{"name":"small_scene1_grade1_1.8.1.jpg","hash":"small_scene1_grade1_1_8_1_4e97359d2c","ext":".jpg","mime":"image/jpeg","width":500,"height":213,"size":13.74,"path":null,"url":"/uploads/small_scene1_grade1_1_8_1_4e97359d2c.jpg"}}},"thumbnailvideo":{"url":"/uploads/showreel_thumbnail_film_33dc579996.mov"}},{"name":"Design","id":"2","slug":"design","thumbnailimage":{"formats":{"thumbnail":{"name":"thumbnail_1600.jpg","hash":"thumbnail_1600_ee5797c586","ext":".jpg","mime":"image/jpeg","width":156,"height":156,"size":3.79,"path":null,"url":"/uploads/thumbnail_1600_ee5797c586.jpg"},"large":{"name":"large_1600.jpg","hash":"large_1600_ee5797c586","ext":".jpg","mime":"image/jpeg","width":1000,"height":1000,"size":121.15,"path":null,"url":"/uploads/large_1600_ee5797c586.jpg"},"medium":{"name":"medium_1600.jpg","hash":"medium_1600_ee5797c586","ext":".jpg","mime":"image/jpeg","width":750,"height":750,"size":66.75,"path":null,"url":"/uploads/medium_1600_ee5797c586.jpg"},"small":{"name":"small_1600.jpg","hash":"small_1600_ee5797c586","ext":".jpg","mime":"image/jpeg","width":500,"height":500,"size":31.95,"path":null,"url":"/uploads/small_1600_ee5797c586.jpg"}}},"thumbnailvideo":null},{"name":"Software","id":"3","slug":"software","thumbnailimage":{"formats":{"thumbnail":{"name":"thumbnail_newwebsite.jpg","hash":"thumbnail_newwebsite_7f2568ec89","ext":".jpg","mime":"image/jpeg","width":245,"height":103,"size":3.28,"path":null,"url":"/uploads/thumbnail_newwebsite_7f2568ec89.jpg"},"large":{"name":"large_newwebsite.jpg","hash":"large_newwebsite_7f2568ec89","ext":".jpg","mime":"image/jpeg","width":1000,"height":419,"size":27.31,"path":null,"url":"/uploads/large_newwebsite_7f2568ec89.jpg"},"medium":{"name":"medium_newwebsite.jpg","hash":"medium_newwebsite_7f2568ec89","ext":".jpg","mime":"image/jpeg","width":750,"height":314,"size":17.85,"path":null,"url":"/uploads/medium_newwebsite_7f2568ec89.jpg"},"small":{"name":"small_newwebsite.jpg","hash":"small_newwebsite_7f2568ec89","ext":".jpg","mime":"image/jpeg","width":500,"height":209,"size":9.65,"path":null,"url":"/uploads/small_newwebsite_7f2568ec89.jpg"}}},"thumbnailvideo":null}]}