{"documents":[{"title":"aufilmaking.co.uk","description":"The website I designed for the Aberdeen University Filmmaking Society","contentblocks":[],"moreinfo":[],"date":null,"id":"5","slug":"aufilmmaking","backgroundcolor":"#121814","foregroundcolor":"#d8bb94","foregroundcolor2":null,"images":[{"formats":{"thumbnail":{"name":"thumbnail_newwebsite.jpg","hash":"thumbnail_newwebsite_7f2568ec89","ext":".jpg","mime":"image/jpeg","width":245,"height":103,"size":3.28,"path":null,"url":"/uploads/thumbnail_newwebsite_7f2568ec89.jpg"},"large":{"name":"large_newwebsite.jpg","hash":"large_newwebsite_7f2568ec89","ext":".jpg","mime":"image/jpeg","width":1000,"height":419,"size":27.31,"path":null,"url":"/uploads/large_newwebsite_7f2568ec89.jpg"},"medium":{"name":"medium_newwebsite.jpg","hash":"medium_newwebsite_7f2568ec89","ext":".jpg","mime":"image/jpeg","width":750,"height":314,"size":17.85,"path":null,"url":"/uploads/medium_newwebsite_7f2568ec89.jpg"},"small":{"name":"small_newwebsite.jpg","hash":"small_newwebsite_7f2568ec89","ext":".jpg","mime":"image/jpeg","width":500,"height":209,"size":9.65,"path":null,"url":"/uploads/small_newwebsite_7f2568ec89.jpg"}},"url":"/uploads/newwebsite_7f2568ec89.jpg"}],"poster":null,"tags":[]}]}