{"documents":[{"title":"Better Fountain","description":"This is an extension for Visual Studio Code which allows you to write screenplays using the fountain syntax quickly and efficiently. (If you're already confused click here).\n\nUnlike other screenwriting software (such as Final Draft) **BetterFountain **focuses on removing friction between you and the text - there's no page breaks, no large unintuitive menus and overlapping windows, no delays when you press \"Enter\" after having written some dialogue, no slow loading documents, none of that. Just text and a handfull of unintruding features which remove even more friction between the story in your head and a finished screenplay.\n\nAnd because it's an extension for vscode, you get access to some incredibly advanced features, such as Real-time collaboration with other screenwriters - Better Fountain is the only free and open-source screenwriting tool which allows you to use such features.","contentblocks":[],"moreinfo":[{"link":"https://github.com/piersdeseilligny/betterfountain","outlink":{"svg":"<?xml version=\"1.0\" encoding=\"UTF-8\"?> <svg xmlns=\"http://www.w3.org/2000/svg\" xmlns:xlink=\"http://www.w3.org/1999/xlink\" width=\"20px\" viewBox=\"4 0 18 24\" version=\"1.1\"> <g id=\"surface9423585\"> <path style=\" stroke:none;fill-rule:nonzero;fill:currentColor;fill-opacity:1;\" d=\"M 10.898438 2.101562 C 6.300781 2.601562 2.601562 6.300781 2.101562 10.800781 C 1.5 15.800781 4.601562 20.101562 9 21.5 L 9 19.199219 C 9 19.199219 8.601562 19.300781 8.101562 19.300781 C 6.699219 19.300781 6.101562 18.101562 6 17.398438 C 5.898438 17 5.699219 16.699219 5.398438 16.398438 C 5.101562 16.300781 5 16.300781 5 16.199219 C 5 16 5.300781 16 5.398438 16 C 6 16 6.5 16.699219 6.699219 17 C 7.199219 17.800781 7.800781 18 8.101562 18 C 8.5 18 8.800781 17.898438 9 17.800781 C 9.101562 17.101562 9.398438 16.398438 10 16 C 7.699219 15.5 6 14.199219 6 12 C 6 10.898438 6.5 9.800781 7.199219 9 C 7.101562 8.800781 7 8.300781 7 7.601562 C 7 7.199219 7 6.601562 7.300781 6 C 7.300781 6 8.699219 6 10.101562 7.300781 C 10.601562 7.101562 11.300781 7 12 7 C 12.699219 7 13.398438 7.101562 14 7.300781 C 15.300781 6 16.800781 6 16.800781 6 C 17 6.601562 17 7.199219 17 7.601562 C 17 8.398438 16.898438 8.800781 16.800781 9 C 17.5 9.800781 18 10.800781 18 12 C 18 14.199219 16.300781 15.5 14 16 C 14.601562 16.5 15 17.398438 15 18.300781 L 15 21.601562 C 19.101562 20.300781 22 16.5 22 12.101562 C 22 6.101562 16.898438 1.398438 10.898438 2.101562 Z M 10.898438 2.101562 \"/> </g> </svg>","tooltip":"View source code","name":"Github"},"header":null,"subheader":null}],"date":"2018-09-28","id":"4","slug":"betterfountain","backgroundcolor":"#000000","foregroundcolor":"#f2ae8f","foregroundcolor2":"#E2C7C5","images":[{"formats":{"thumbnail":{"name":"thumbnail_betterfountain.JPG","hash":"thumbnail_betterfountain_132a8e394c","ext":".JPG","mime":"image/jpeg","width":245,"height":118,"size":6.65,"path":null,"url":"/uploads/thumbnail_betterfountain_132a8e394c.JPG"},"large":{"name":"large_betterfountain.JPG","hash":"large_betterfountain_132a8e394c","ext":".JPG","mime":"image/jpeg","width":1000,"height":480,"size":91.94,"path":null,"url":"/uploads/large_betterfountain_132a8e394c.JPG"},"medium":{"name":"medium_betterfountain.JPG","hash":"medium_betterfountain_132a8e394c","ext":".JPG","mime":"image/jpeg","width":750,"height":360,"size":50.3,"path":null,"url":"/uploads/medium_betterfountain_132a8e394c.JPG"},"small":{"name":"small_betterfountain.JPG","hash":"small_betterfountain_132a8e394c","ext":".JPG","mime":"image/jpeg","width":500,"height":240,"size":24.29,"path":null,"url":"/uploads/small_betterfountain_132a8e394c.JPG"}},"url":"/uploads/betterfountain_132a8e394c.JPG"},{"formats":{"thumbnail":{"name":"thumbnail_betterfountain2.JPG","hash":"thumbnail_betterfountain2_e7851ea4d4","ext":".JPG","mime":"image/jpeg","width":245,"height":118,"size":4.42,"path":null,"url":"/uploads/thumbnail_betterfountain2_e7851ea4d4.JPG"},"large":{"name":"large_betterfountain2.JPG","hash":"large_betterfountain2_e7851ea4d4","ext":".JPG","mime":"image/jpeg","width":1000,"height":480,"size":55.78,"path":null,"url":"/uploads/large_betterfountain2_e7851ea4d4.JPG"},"medium":{"name":"medium_betterfountain2.JPG","hash":"medium_betterfountain2_e7851ea4d4","ext":".JPG","mime":"image/jpeg","width":750,"height":360,"size":31.41,"path":null,"url":"/uploads/medium_betterfountain2_e7851ea4d4.JPG"},"small":{"name":"small_betterfountain2.JPG","hash":"small_betterfountain2_e7851ea4d4","ext":".JPG","mime":"image/jpeg","width":500,"height":240,"size":15.01,"path":null,"url":"/uploads/small_betterfountain2_e7851ea4d4.JPG"}},"url":"/uploads/betterfountain2_e7851ea4d4.JPG"}],"poster":{"formats":{"thumbnail":{"name":"thumbnail_icon_fullres.png","hash":"thumbnail_icon_fullres_cfdd906753","ext":".png","mime":"image/png","width":154,"height":156,"size":27.64,"path":null,"url":"/uploads/thumbnail_icon_fullres_cfdd906753.png"},"large":{"name":"large_icon_fullres.png","hash":"large_icon_fullres_cfdd906753","ext":".png","mime":"image/png","width":990,"height":1000,"size":523.33,"path":null,"url":"/uploads/large_icon_fullres_cfdd906753.png"},"medium":{"name":"medium_icon_fullres.png","hash":"medium_icon_fullres_cfdd906753","ext":".png","mime":"image/png","width":743,"height":750,"size":330.39,"path":null,"url":"/uploads/medium_icon_fullres_cfdd906753.png"},"small":{"name":"small_icon_fullres.png","hash":"small_icon_fullres_cfdd906753","ext":".png","mime":"image/png","width":495,"height":500,"size":165.84,"path":null,"url":"/uploads/small_icon_fullres_cfdd906753.png"}}},"tags":[{"id":"4","name":"Vscode","icon":null}]}]}